0+0j,0+0j,0+0j,0+0j,0+0j,0+0j,0+0j,0+0j,0+0j,0+0j,0+0j
-1.35852e-06+1.01427e-06j,-2.73809e-06+1.48485e-06j,-4.4102e-06+1.77874e-06j,-6.29532e-06+1.98624e-06j,-8.24702e-06+2.18173e-06j,-1.00738e-05+2.39597e-06j,-1.15664e-05+2.60709e-06j,-1.25352e-05+2.76055e-06j,-1.28535e-05+2.80587e-06j,-1.24929e-05+2.72745e-06j,-1.15364e-05+2.55202e-06j
-2.68783e-06+1.36866e-06j,-5.41786e-06+2.18957e-06j,-8.72595e-06+2.90763e-06j,-1.24531e-05+3.60042e-06j,-1.63073e-05+4.31459e-06j,-1.99073e-05+5.04329e-06j,-2.28368e-05+5.72274e-06j,-2.47192e-05+6.25897e-06j,-2.53039e-05+6.57165e-06j,-2.45364e-05+6.63047e-06j,-2.25844e-05+6.46507e-06j
-3.95087e-06+1.95192e-06j,-7.96575e-06+3.34995e-06j,-1.28286e-05+4.76672e-06j,-1.83008e-05+6.25819e-06j,-2.39477e-05+7.8245e-06j,-2.92028e-05+9.39595e-06j,-3.34485e-05+1.08388e-05j,-3.61285e-05+1.19937e-05j,-3.68747e-05+1.27308e-05j,-3.5612e-05+1.2996e-05j,-3.25965e-05+1.28244e-05j
-5.11273e-06+2.75194e-06j,-1.03118e-05+4.94189e-06j,-1.66046e-05+7.31678e-06j,-2.36736e-05+9.9016e-06j,-3.09454e-05+1.26311e-05j,-3.7676e-05+1.53476e-05j,-4.3057e-05+1.78202e-05j,-4.63633e-05+1.97983e-05j,-4.71202e-05+2.10846e-05j,-4.52406e-05+2.15927e-05j,-4.10734e-05+2.13671e-05j
-6.14114e-06+3.75081e-06j,-1.23915e-05+6.92963e-06j,-1.99492e-05+1.04994e-05j,-2.84189e-05+1.44445e-05j,-3.70952e-05+1.86153e-05j,-4.50672e-05+2.27417e-05j,-5.13498e-05+2.6469e-05j,-5.50647e-05+2.94322e-05j,-5.56457e-05+3.13492e-05j,-5.30045e-05+3.20953e-05j,-4.75889e-05+3.17296e-05j
-7.00753e-06+4.92541e-06j,-1.41473e-05+9.26691e-06j,-2.27697e-05+1.42392e-05j,-3.24027e-05+1.97754e-05j,-4.22175e-05+2.56233e-05j,-5.11508e-05+3.13771e-05j,-5.80588e-05+3.65335e-05j,-6.193e-05+4.05914e-05j,-6.21246e-05+4.31698e-05j,-5.85674e-05+4.4102e-05j,-5.18111e-05+4.34689e-05j
-7.68815e-06+6.24831e-06j,-1.55317e-05+1.18987e-05j,-2.49888e-05+1.84462e-05j,-3.5514e-05+2.57621e-05j,-4.61655e-05+3.34735e-05j,-5.57448e-05+4.1017e-05j,-6.29717e-05+4.77186e-05j,-6.67251e-05+5.29226e-05j,-6.63131e-05+5.61383e-05j,-6.16891e-05+5.71559e-05j,-5.35178e-05+5.60881e-05j
-8.16483e-06+7.68892e-06j,-1.65081e-05+1.47637e-05j,-2.65479e-05+2.30202e-05j,-3.76689e-05+3.2257e-05j,-4.88298e-05+4.19637e-05j,-5.8717e-05+5.13992e-05j,-6.59392e-05+5.96999e-05j,-6.92931e-05+6.60407e-05j,-6.80587e-05+6.98144e-05j,-6.22345e-05+7.07704e-05j,-5.26035e-05+6.90654e-05j
-8.4253e-06+9.21486e-06j,-1.70519e-05+1.77967e-05j,-2.74078e-05+2.7855e-05j,-3.88129e-05+3.91043e-05j,-5.01414e-05+5.08808e-05j,-5.99881e-05+6.22489e-05j,-6.68788e-05+7.21399e-05j,-6.95576e-05+7.95487e-05j,-6.73028e-05+8.37486e-05j,-6.01745e-05+8.44554e-05j,-4.90792e-05+8.18835e-05j
-8.46334e-06+1.07933e-05j,-1.71504e-05+2.09318e-05j,-2.75488e-05+3.28427e-05j,-3.89202e-05+4.61456e-05j,-5.00713e-05+6.00096e-05j,-5.9531e-05+7.329e-05j,-6.57733e-05+8.47018e-05j,-6.7521e-05+9.30542e-05j,-6.40768e-05+9.75035e-05j,-5.55799e-05+9.77408e-05j,-4.3063e-05+9.40563e-05j
-8.27838e-06+1.23921e-05j,-1.68026e-05+2.41041e-05j,-2.69703e-05+3.78778e-05j,-3.79928e-05+5.32269e-05j,-4.86288e-05+6.91411e-05j,-5.73684e-05+8.42565e-05j,-6.26665e-05+9.70641e-05j,-6.32567e-05+0.000106188j,-5.84935e-05+0.000110672j,-4.86098e-05+0.000110198j,-3.47651e-05+0.00010515j
-7.87494e-06+1.39811e-05j,-1.60177e-05+2.72527e-05j,-2.56884e-05+4.28605e-05j,-3.60578e-05+6.02028e-05j,-4.58571e-05+7.80798e-05j,-5.35666e-05+9.49008e-05j,-5.76554e-05+0.000108932j,-5.69011e-05+0.000118614j,-5.07345e-05+0.000122892j,-3.9496e-05+0.000121456j,-2.44699e-05+0.000114802j
-7.26193e-06+1.55326e-05j,-1.48136e-05+3.03217e-05j,-2.37336e-05+4.77003e-05j,-3.31632e-05+6.69415e-05j,-4.18279e-05+8.66493e-05j,-4.82283e-05+0.000105003j,-5.08815e-05+0.000120044j,-4.86397e-05+0.000130043j,-4.10351e-05+0.00013386j,-2.85255e-05+0.00013121j,-1.25138e-05+0.000122727j
-6.45149e-06+1.70224e-05j,-1.32151e-05+3.3262e-05j,-2.11478e-05+5.2317e-05j,-2.93734e-05+7.33273e-05j,-3.66352e-05+9.4696e-05j,-4.14841e-05+0.000114372j,-4.25177e-05+0.000130182j,-3.86941e-05+0.000140237j,-2.9667e-05+0.000143333j,-1.60188e-05+0.000139233j,7.37999e-07+0.000128727j
-5.45813e-06+1.84296e-05j,-1.12515e-05+3.60312e-05j,-1.79803e-05+5.66417e-05j,-2.47644e-05+7.92614e-05j,-3.03882e-05+0.00010209j,-3.34829e-05+0.000122852j,-3.27586e-05+0.000139169j,-2.73071e-05+0.000149011j,-1.69214e-05+0.000151132j,-2.31176e-06+0.000145368j,1.49129e-05+0.000132683j
-4.2978e-06+1.97365e-05j,-8.95573e-06+3.85935e-05j,-1.42861e-05+6.06167e-05j,-1.94197e-05+8.46617e-05j,-2.32056e-05+0.000108726j,-2.43849e-05+0.000130317j,-2.18102e-05+0.000146867j,-1.47314e-05+0.000156228j,-3.09549e-06+0.000157136j,1.22603e-05+0.000149524j,2.96473e-05+0.000134551j
-2.9874e-06+2.09287e-05j,-6.36222e-06+4.09193e-05j,-1.01232e-05+6.41946e-05j,-1.34272e-05+8.94618e-05j,-1.52119e-05+0.00011452j,-1.43561e-05+0.000136671j,-9.88247e-06+0.000153178j,-1.22111e-06+0.000161797j,1.15174e-05+0.000161277j,2.73734e-05+0.000151669j,4.45988e-05+0.000134346j
-1.54425e-06+2.19943e-05j,-3.5066e-06+4.2985e-05j,-5.55132e-06+6.73378e-05j,-6.87699e-06+9.361e-05j,-6.53325e-06+0.000119409j,-3.56309e-06+0.000141845j,2.81574e-06+0.000158035j,1.29755e-05+0.000165669j,2.66356e-05+0.000163533j,4.27231e-05+0.000151823j,5.94538e-05+0.000132138j
1.42643e-08+2.29243e-05j,-4.24666e-07+4.47722e-05j,-6.30278e-07+7.00175e-05j,1.40949e-07+9.70677e-05j,2.70498e-06+0.000123347j,7.83006e-06+0.000145795j,1.60818e-05+0.000161404j,2.76207e-05+0.000167829j,4.19948e-05+0.000163922j,5.80302e-05+0.000150045j,7.39327e-05+0.000128034j
1.67095e-06+2.37118e-05j,2.84818e-06+4.62671e-05j,4.58081e-06+7.22129e-05j,7.53813e-06+9.98088e-05j,1.23804e-05+0.000126308j,1.9665e-05+0.000148498j,2.97223e-05+0.000163277j,4.24915e-05+0.000168295j,5.73517e-05+0.000162496j,7.30443e-05+0.00014643j,8.77929e-05+0.000122178j
3.40917e-06+2.4352e-05j,6.27759e-06+4.74605e-05j,1.00246e-05+7.39104e-05j,1.52292e-05+0.000101817j,2.2376e-05+0.000128278j,3.17915e-05+0.00014995j,4.35565e-05+0.000163669j,5.73831e-05+0.000167108j,7.24879e-05+0.000159333j,8.75469e-05+0.000141099j,0.000100831+0.000114736j
5.21303e-06+2.48418e-05j,9.83073e-06+4.83465e-05j,1.56464e-05+7.51025e-05j,2.31331e-05+0.000103087j,3.25812e-05+0.000129257j,4.40696e-05+0.000150165j,5.74182e-05+0.000162613j,7.21109e-05+0.000164331j,8.72116e-05+0.000154533j,0.000101353+0.000134191j,0.000112886+0.000105886j
7.06743e-06+2.51794e-05j,1.34764e-05+4.8922e-05j,2.13943e-05+7.57861e-05j,3.11731e-05+0.000103619j,4.28924e-05+0.000129253j,5.63695e-05+0.000149165j,7.11562e-05+0.000160156j,8.65101e-05+0.000160041j,0.000101357+0.000148207j,0.00011431+0.000125856j,0.000123829+9.58125e-05j
8.95778e-06+2.5364e-05j,1.71844e-05+4.9186e-05j,2.72184e-05+7.5962e-05j,3.92764e-05+0.000103417j,5.32122e-05+0.000128282j,6.8571e-05+0.000146984j,8.46323e-05+0.000156354j,0.000100434+0.000154323j,0.00011478+0.000140474j,0.000126291+0.000116244j,0.000133567+8.46971e-05j
1.087e-05+2.53958e-05j,2.09257e-05+4.91397e-05j,3.3071e-05+7.56343e-05j,4.73733e-05+0.000102494j,6.34485e-05+0.000126368j,8.05614e-05+0.000143663j,9.77197e-05+0.000151271j,0.000113751+0.000147272j,0.000127358+0.000131459j,0.000137194+0.000105511j,0.000142031+7.27171e-05j
1.27904e-05+2.52758e-05j,2.46724e-05+4.87867e-05j,3.89062e-05+7.48117e-05j,5.53979e-05+0.000100866j,7.35148e-05+0.00012354j,9.22369e-05+0.000139251j,0.000110303+0.000144983j,0.000126345+0.00013899j,0.000138984+0.000121291j,0.000146937+9.38111e-05j,0.000149172+6.00462e-05j
1.4706e-05+2.50065e-05j,2.83976e-05+4.81323e-05j,4.46804e-05+7.35049e-05j,6.32877e-05+9.85544e-05j,8.33306e-05+0.000119835j,0.000103502+0.000133804j,0.00012228+0.000137569j,0.000138114+0.000129582j,0.000149571+0.000110105j,0.000155457+8.12997e-05j,0.000154966+4.6852e-05j
1.66044e-05+2.45908e-05j,3.20762e-05+4.71838e-05j,5.0353e-05+7.17288e-05j,7.09853e-05+9.55848e-05j,9.28221e-05+0.000115295j,0.000114271+0.000127385j,0.000133559+0.000129117j,0.000148973+0.000119162j,0.00015905+9.80344e-05j,0.000162712+6.81287e-05j,0.000159406+3.32955e-05j
1.84738e-05+2.40327e-05j,3.56846e-05+4.59504e-05j,5.58858e-05+6.95004e-05j,7.84372e-05+9.19862e-05j,0.000101922+0.000109965j,0.000124467+0.000120059j,0.00014406+0.000119715j,0.000158851+0.000107843j,0.000167368+8.52136e-05j,0.000168679+5.44455e-05j,0.000162506+1.95276e-05j
2.03036e-05+2.33366e-05j,3.92007e-05+4.44417e-05j,6.12438e-05+6.68382e-05j,8.55944e-05+8.77902e-05j,0.00011057+0.000103893j,0.000134022+0.000111897j,0.000153719+0.000109455j,0.00016769+9.57365e-05j,0.000174488+7.17724e-05j,0.000173351+4.03892e-05j,0.000164292+5.6867e-06j
2.20831e-05+2.25072e-05j,4.26035e-05+4.2669e-05j,6.63937e-05+6.37627e-05j,9.24117e-05+8.30302e-05j,0.000118709+9.71303e-05j,0.000142876+0.000102969j,0.000162475+9.84299e-05j,0.000175444+8.29548e-05j,0.000180386+5.78355e-05j,0.000176732+2.60901e-05j,0.000164804-8.10232e-06j
2.38026e-05+2.15499e-05j,4.58733e-05+4.06441e-05j,7.13046e-05+6.02956e-05j,9.88469e-05+7.7742e-05j,0.000126291+8.97302e-05j,0.000150974+9.33473e-05j,0.000170278+8.6731e-05j,0.000182076+6.96071e-05j,0.000185045+4.35234e-05j,0.000178834+1.16703e-05j,0.000164086-2.17263e-05j
2.54525e-05+2.04706e-05j,4.89911e-05+3.83801e-05j,7.5947e-05+5.64611e-05j,0.000104861+7.19636e-05j,0.000133268+8.17479e-05j,0.00015827+8.31074e-05j,0.000177089+7.44529e-05j,0.000187558+5.58026e-05j,0.000188461+2.89536e-05j,0.00017968-2.7536e-06j,0.00016219-3.50805e-05j
2.70239e-05+1.9276e-05j,5.19396e-05+3.58919e-05j,8.02946e-05+5.22844e-05j,0.000110419+6.57359e-05j,0.0001396+7.32423e-05j,0.000164722+7.23267e-05j,0.000182872+6.16911e-05j,0.000191873+4.165e-05j,0.000190636+1.42409e-05j,0.0001793-1.70707e-05j,0.000159172-4.80685e-05j
2.85087e-05+1.7973e-05j,5.47029e-05+3.31947e-05j,8.43232e-05+4.77934e-05j,0.00011549+5.9101e-05j,0.000145253+6.4273e-05j,0.000170299+6.1084e-05j,0.000187605+4.85405e-05j,0.000195012+2.72564e-05j,0.000191585-5.04201e-07j,0.000177732-3.11769e-05j,0.000155096-6.06028e-05j
2.98994e-05+1.65693e-05j,5.72667e-05+3.03047e-05j,8.80114e-05+4.30158e-05j,0.000120046+5.21027e-05j,0.000150198+5.49016e-05j,0.000174974+4.94582e-05j,0.00019127+3.50956e-05j,0.000196975+1.27255e-05j,0.00019133-1.51768e-05j,0.000175024-4.49761e-05j,0.000150032-7.26062e-05j
3.11893e-05+1.50725e-05j,5.9618e-05+2.72388e-05j,9.13403e-05+3.79811e-05j,0.000124066+4.47854e-05j,0.000154411+4.51897e-05j,0.000178728+3.75282e-05j,0.000193861+2.1449e-05j,0.000197772-1.84242e-06j,0.000189901-2.96777e-05j,0.000171226-5.83802e-05j,0.000144052-8.40111e-05j
3.2372e-05+1.34909e-05j,6.1745e-05+2.40144e-05j,9.42932e-05+3.2719e-05j,0.000127529+3.71945e-05j,0.000157873+3.51997e-05j,0.000181548+2.53724e-05j,0.000195376+7.69151e-06j,0.000197419-1.63508e-05j,0.000187334-4.39135e-05j,0.000166397-7.13088e-05j,0.000137228-9.4759e-05j
3.3442e-05+1.18329e-05j,6.36375e-05+2.06499e-05j,9.68558e-05+2.7261e-05j,0.000130418+2.93767e-05j,0.00016057+2.49947e-05j,0.000183428+1.30694e-05j,0.00019582-6.08714e-06j,0.000195937-3.07059e-05j,0.00018367-5.77954e-05j,0.000160595-8.36876e-05j,0.000129634-0.000104798j
3.43944e-05+1.01075e-05j,6.52867e-05+1.71641e-05j,9.90162e-05+2.16388e-05j,0.000132722+2.13795e-05j,0.000162492+1.46388e-05j,0.000184366+6.97765e-07j,0.000195206-1.97981e-05j,0.000193356-4.4816e-05j,0.000178958-7.1238e-05j,0.000153884-9.54466e-05j,0.000121345-0.000114082j
3.52253e-05+8.32401e-06j,6.66859e-05+1.35767e-05j,0.000100766+1.58853e-05j,0.000134434+1.32511e-05j,0.000163639+4.19605e-06j,0.00018437-1.16645e-05j,0.000193555-3.33548e-05j,0.000189715-5.85932e-05j,0.000173253-8.41609e-05j,0.000146335-0.000106522j,0.000112441-0.00012257j
3.59318e-05+6.49165e-06j,6.78303e-05+9.9068e-06j,0.000102101+1.00327e-05j,0.000135551+5.0385e-06j,0.000164013-6.27157e-06j,0.000183455-2.39431e-05j,0.000190897-4.66757e-05j,0.000185061-7.19566e-05j,0.000166618-9.6493e-05j,0.000138027-0.00011686j,0.000103007-0.000130232j
3.65117e-05+4.61932e-06j,6.87166e-05+6.17346e-06j,0.000103018+4.11226e-06j,0.000136073-3.21302e-06j,0.000163624-1.67053e-05j,0.000181642-3.60684e-05j,0.000187269-5.96862e-05j,0.000179445-8.48347e-05j,0.000159123-0.000108174j,0.000129036-0.000126421j,9.31252e-05-0.000137051j
3.69629e-05+2.71584e-06j,6.93425e-05+2.3949e-06j,0.000103515-1.84565e-06j,0.000136005-1.14596e-05j,0.000162482-2.70486e-05j,0.000178953-4.79747e-05j,0.000182707-7.23173e-05j,0.000172922-9.7163e-05j,0.000150834-0.000119153j,0.00011944-0.000135173j,8.28728e-05-0.000143022j
3.72842e-05+7.90171e-07j,6.97065e-05-1.41015e-06j,0.000103595-7.81044e-06j,0.000135352-1.96577e-05j,0.000160603-3.7246e-05j,0.000175416-5.95982e-05j,0.000177253-8.45033e-05j,0.000165547-0.000108881j,0.000141815-0.000129384j,0.000109308-0.00014309j,7.23184e-05-0.000148141j
3.74746e-05-1.14839e-06j,6.98082e-05-5.22266e-06j,0.000103258-1.37512e-05j,0.000134122-2.77639e-05j,0.000158003-4.72425e-05j,0.00017106-7.08765e-05j,0.00017095-9.61803e-05j,0.000157376-0.000119932j,0.000132135-0.000138821j,9.87108e-05-0.000150147j,6.15275e-05-0.000152407j
3.75341e-05-3.0904e-06j,6.96492e-05-9.02318e-06j,0.00010251-1.96367e-05j,0.000132328-3.57345e-05j,0.000154707-5.69837e-05j,0.000165921-8.17484e-05j,0.000163849-0.000107287j,0.000148471-0.000130261j,0.000121864-0.000147426j,8.77203e-05-0.000156322j,5.05657e-05-0.000155815j
3.74637e-05-5.02639e-06j,6.9233e-05-1.27927e-05j,0.000101361-2.54365e-05j,0.000129987-4.35275e-05j,0.000150742-6.64179e-05j,0.000160042-9.21564e-05j,0.000156006-0.000117765j,0.000138903-0.000139818j,0.000111077-0.000155161j,7.6413e-05-0.000161598j,3.95027e-05-0.000158368j
3.72655e-05-6.94737e-06j,6.85655e-05-1.65129e-05j,9.9822e-05-3.11218e-05j,0.00012712-5.11033e-05j,0.000146142-7.54971e-05j,0.000153472-0.000102049j,0.000147485-0.000127567j,0.000128744-0.000148563j,9.98554e-05-0.000162002j,6.48691e-05-0.000165967j,2.84106e-05-0.000160075j
3.69422e-05-8.84503e-06j,6.76534e-05-2.01671e-05j,9.79069e-05-3.66662e-05j,0.000123752-5.84265e-05j,0.000140945-8.41791e-05j,0.000146262-0.000111381j,0.000138351-0.00013665j,0.000118072-0.000156465j,8.82803e-05-0.000167933j,5.31669e-05-0.000169432j,1.73581e-05-0.000160958j
3.64969e-05-1.07115e-05j,6.65044e-05-2.37396e-05j,9.56309e-05-4.20455e-05j,0.000119908-6.54648e-05j,0.00013519-9.24262e-05j,0.000138464-0.000120115j,0.000128669-0.000144984j,0.00010696-0.000163504j,7.64285e-05-0.00017295j,4.1379e-05-0.000172006j,6.40637e-06-0.000161043j
3.59329e-05-1.25393e-05j,6.51269e-05-2.72156e-05j,9.30101e-05-4.72368e-05j,0.000115615-7.21882e-05j,0.000128915-0.000100204j,0.000130133-0.000128217j,0.000118504-0.00015254j,9.54813e-05-0.000169664j,6.43727e-05-0.000177053j,2.95713e-05-0.000173705j,-4.39147e-06-0.000160363j
3.52541e-05-1.43211e-05j,6.353e-05-3.05806e-05j,9.00621e-05-5.22182e-05j,0.000110901-7.85687e-05j,0.000122163-0.000107482j,0.000121322-0.000135658j,0.000107922-0.000159295j,8.37054e-05-0.000174934j,5.21829e-05-0.000180245j,1.7806e-05-0.000174548j,-1.49874e-05-0.000158949j
3.44646e-05-1.605e-05j,6.17238e-05-3.38213e-05j,8.6805e-05-5.69696e-05j,0.000105796-8.45808e-05j,0.000114977-0.000114232j,0.000112087-0.000142411j,9.69866e-05-0.000165232j,7.17031e-05-0.000179308j,3.99269e-05-0.000182534j,6.14193e-06-0.000174558j,-2.53372e-05-0.000156831j
3.35692e-05-1.77194e-05j,5.97194e-05-3.69249e-05j,8.32594e-05-6.14723e-05j,0.000100332-9.02013e-05j,0.000107401-0.00012043j,0.000102485-0.000148457j,8.57649e-05-0.000170338j,5.95434e-05-0.000182786j,2.76707e-05-0.000183935j,-5.36523e-06-0.000173759j,-3.53999e-05-0.000154044j
3.25732e-05-1.9323e-05j,5.75285e-05-3.98796e-05j,7.94466e-05-6.57095e-05j,9.45425e-05-9.54099e-05j,9.94799e-05-0.000126055j,9.25736e-05-0.000153778j,7.43221e-05-0.000174605j,4.72938e-05-0.00018537j,1.54773e-05-0.000184462j,-1.66629e-05-0.000172178j,-4.5138e-05-0.000150622j
3.1482e-05-2.08552e-05j,5.51638e-05-4.26748e-05j,7.53886e-05-6.96657e-05j,8.84609e-05-0.000100189j,9.12617e-05-0.000131091j,8.24098e-05-0.000158364j,6.27229e-05-0.00017803j,3.50208e-05-0.000187071j,3.40787e-06-0.000184137j,-2.77012e-05-0.000169846j,-5.45168e-05-0.000146598j
3.03018e-05-2.23105e-05j,5.26386e-05-4.53006e-05j,7.11086e-05-7.33277e-05j,8.21226e-05-0.000104523j,8.27936e-05-0.000135523j,7.2052e-05-0.000162206j,5.10318e-05-0.000180616j,2.27895e-05-0.0001879j,-8.47836e-06-0.000182982j,-3.84323e-05-0.000166793j,-6.35027e-05-0.000142008j
2.90391e-05-2.36843e-05j,4.99671e-05-4.77488e-05j,6.66314e-05-7.66843e-05j,7.55639e-05-0.000108401j,7.4124e-05-0.000139345j,6.15589e-05-0.000165302j,3.93135e-05-0.000182368j,1.0664e-05-0.000187876j,-2.01236e-05-0.000181027j,-4.88097e-05-0.000163055j,-7.20633e-05-0.000136888j
2.77005e-05-2.49727e-05j,4.71639e-05-5.00125e-05j,6.19817e-05-7.97271e-05j,6.88219e-05-0.000111816j,6.53014e-05-0.00014255j,5.09885e-05-0.000167656j,2.76305e-05-0.000183302j,-1.29362e-06-0.000187024j,-3.14727e-05-0.000178306j,-5.87896e-05-0.000158672j,-8.01678e-05-0.00013128j
2.62928e-05-2.61725e-05j,4.42436e-05-5.20865e-05j,5.7184e-05-8.24504e-05j,6.19323e-05-0.000114762j,5.63728e-05-0.000145142j,4.03959e-05-0.000169278j,1.60419e-05-0.000183438j,-1.30267e-05-0.000185376j,-4.24767e-05-0.000174859j,-6.83347e-05-0.000153689j,-8.77923e-05-0.00012523j
2.48226e-05-2.72813e-05j,4.12201e-05-5.39671e-05j,5.22619e-05-8.48505e-05j,5.49292e-05-0.00011724j,4.73819e-05-0.000147126j,2.98316e-05-0.000170182j,4.60029e-06-0.0001828j,-2.44861e-05-0.000182966j,-5.30952e-05-0.00017073j,-7.7417e-05-0.000148156j,-9.49221e-05-0.000118786j
2.3296e-05-2.82967e-05j,3.81069e-05-5.56508e-05j,4.72376e-05-8.69246e-05j,4.78445e-05-0.000119249j,3.83695e-05-0.000148507j,1.9342e-05-0.000170383j,-6.6472e-06-0.000181415j,-3.56296e-05-0.000179831j,-6.32958e-05-0.000165961j,-8.60171e-05-0.000142115j,-0.000101551-0.000111988j
2.17193e-05-2.92164e-05j,3.49172e-05-5.71345e-05j,4.21333e-05-8.86704e-05j,4.07098e-05-0.000120792j,2.93751e-05-0.000149293j,8.97178e-06-0.000169898j,-1.76562e-05-0.000179307j,-4.64181e-05-0.000176002j,-7.30493e-05-0.000160589j,-9.41183e-05-0.000135605j,-0.000107676-0.000104871j
2.00991e-05-3.00382e-05j,3.1665e-05-5.84154e-05j,3.69718e-05-9.00863e-05j,3.35569e-05-0.000121869j,2.04385e-05-0.000149493j,-1.23511e-06-0.000168742j,-2.83825e-05-0.000176501j,-5.68126e-05-0.000171511j,-8.23258e-05-0.000154648j,-0.000101702-0.000128657j,-0.000113288-9.74617e-05j
1.84427e-05-3.07605e-05j,2.83651e-05-5.94915e-05j,3.17771e-05-9.11721e-05j,2.64195e-05-0.000122486j,1.1601e-05-0.000149117j,-1.12329e-05-0.000166935j,-3.87806e-05-0.000173024j,-6.67721e-05-0.000166392j,-9.10928e-05-0.000148174j,-0.000108745-0.000121306j,-0.000118374-8.97869e-05j
1.67575e-05-3.13823e-05j,2.5033e-05-6.03629e-05j,2.65738e-05-9.19307e-05j,1.9331e-05-0.000122649j,2.90375e-06-0.000148181j,-2.09759e-05-0.0001645j,-4.88046e-05-0.000168908j,-7.62549e-05-0.000160682j,-9.93156e-05-0.000141208j,-0.000115222-0.000113591j,-0.000122915-8.18798e-05j
1.50513e-05-3.19042e-05j,2.1684e-05-6.10318e-05j,2.13859e-05-9.23681e-05j,1.23245e-05-0.000122372j,-5.61341e-06-0.000146706j,-3.04207e-05-0.00016147j,-5.84114e-05-0.000164195j,-8.52224e-05-0.000154429j,-0.000106963-0.0001338j,-0.000121108-0.000105559j,-0.000126893-7.37838e-05j
1.33308e-05-3.23274e-05j,1.83319e-05-6.15023e-05j,1.62351e-05-9.24938e-05j,5.42919e-06-0.000121672j,-1.39155e-05-0.000144719j,-3.95302e-05-0.000157882j,-6.75661e-05-0.000158931j,-9.36451e-05-0.000147688j,-0.000114012-0.000126007j,-0.00012639-9.72672e-05j,-0.000130303-6.55513e-05j
1.1602e-05-3.26539e-05j,1.49886e-05-6.17796e-05j,1.114e-05-9.23183e-05j,-1.33098e-06-0.000120568j,-2.19751e-05-0.00014225j,-4.82763e-05-0.000153775j,-7.62442e-05-0.000153165j,-0.000101506-0.000140512j,-0.000120456-0.000117885j,-0.00013107-8.8771e-05j,-0.000133152-5.72335e-05j
9.86998e-06-3.28852e-05j,1.16642e-05-6.18684e-05j,6.11596e-06-9.18517e-05j,-7.9354e-06-0.000119076j,-2.97693e-05-0.000139323j,-5.66379e-05-0.000149184j,-8.44294e-05-0.000146941j,-0.000108796-0.00013295j,-0.000126297-0.000109485j,-0.000135158-8.01162e-05j,-0.000135462-4.88706e-05j
8.13959e-06-3.30225e-05j,8.36867e-06-6.17724e-05j,1.17804e-06-9.11027e-05j,-1.43655e-05-0.000117214j,-3.72778e-05-0.000135964j,-6.45964e-05-0.000144142j,-9.21086e-05-0.000140295j,-0.000115511-0.000125043j,-0.000131538-0.000100844j,-0.000138669-7.13363e-05j,-0.000137253-4.04882e-05j
6.41607e-06-3.30667e-05j,5.11191e-06-6.14952e-05j,-3.65876e-06-9.00792e-05j,-2.06023e-05-0.000114994j,-4.44802e-05-0.000132194j,-7.21325e-05-0.000138678j,-9.92673e-05-0.000133263j,-0.000121644-0.000116825j,-0.00013618-9.19941e-05j,-0.000141611-6.24562e-05j,-0.000138539-3.21024e-05j
4.70522e-06-3.30188e-05j,1.90527e-06-6.10405e-05j,-8.37793e-06-8.87898e-05j,-2.66251e-05-0.000112432j,-5.13538e-05-0.000128036j,-7.92251e-05-0.00013282j,-0.000105888-0.000125876j,-0.000127182-0.00010833j,-0.000140219-8.29659e-05j,-0.000143985-5.3499e-05j,-0.000139324-2.37274e-05j
3.01314e-06-3.28808e-05j,-1.23994e-06-6.04136e-05j,-1.29628e-05-8.72451e-05j,-3.24128e-05-0.000109547j,-5.78757e-05-0.000123515j,-8.58516e-05-0.000126601j,-0.000111952-0.000118173j,-0.000132111-9.95953e-05j,-0.000143644-7.37933e-05j,-0.000145783-4.44926e-05j,-0.000139603-1.53829e-05j
1.34585e-06-3.26553e-05j,-4.31223e-06-5.96214e-05j,-1.73969e-05-8.54584e-05j,-3.79454e-05-0.000106358j,-6.40241e-05-0.00011866j,-9.19913e-05-0.000120058j,-0.000117441-0.000110194j,-0.000136419-9.06639e-05j,-0.000146447-6.45175e-05j,-0.000147-3.54731e-05j,-0.000139372-7.09838e-06j
-2.91089e-07-3.23461e-05j,-7.3016e-06-5.86725e-05j,-2.16658e-05-8.3445e-05j,-4.32056e-05-0.00010289j,-6.97811e-05-0.000113505j,-9.76281e-05-0.000113231j,-0.000122342-0.000101986j,-0.000140097-8.15843e-05j,-0.000148624-5.51852e-05j,-0.000147636-2.64833e-05j,-0.000138631+1.08854e-06j
-1.89303e-06-3.19572e-05j,-1.01995e-05-5.75761e-05j,-2.5758e-05-8.12216e-05j,-4.81803e-05-9.91692e-05j,-7.5134e-05-0.000108084j,-0.000102752-0.000106164j,-0.000126652-9.35962e-05j,-0.000143146-7.24063e-05j,-0.00015018-4.58448e-05j,-0.000147699-1.75679e-05j,-0.00013739+9.13786e-06j
-3.45598e-06-3.14929e-05j,-1.2999e-05-5.63419e-05j,-2.96642e-05-7.8805e-05j,-5.28596e-05-9.52195e-05j,-8.00748e-05-0.000102432j,-0.000107359-9.88975e-05j,-0.000130371-8.50715e-05j,-0.000145573-6.3177e-05j,-0.00015113-3.65419e-05j,-0.000147208-8.76825e-06j,-0.000135669+1.7013e-05j
-4.97676e-06-3.09572e-05j,-1.56945e-05-5.4979e-05j,-3.33775e-05-7.62111e-05j,-5.72368e-05-9.10656e-05j,-8.45992e-05-9.65792e-05j,-0.00011145-9.147e-05j,-0.000133506-7.64539e-05j,-0.000147392-5.39395e-05j,-0.000151491-2.73166e-05j,-0.000146184-1.19992e-07j,-0.000133493+2.46837e-05j
-6.45246e-06-3.03541e-05j,-1.82813e-05-5.34962e-05j,-3.68923e-05-7.34554e-05j,-6.13071e-05-8.67304e-05j,-8.87055e-05-9.05569e-05j,-0.000115028-8.39174e-05j,-0.000136066-6.77819e-05j,-0.000148619-4.47317e-05j,-0.000151285-1.82035e-05j,-0.000144653+8.34772e-06j,-0.00013089+3.2127e-05j
-7.88033e-06-2.9687e-05j,-2.0755e-05-5.19018e-05j,-4.02036e-05-7.05522e-05j,-6.50671e-05-8.22351e-05j,-9.23936e-05-8.4393e-05j,-0.000118098-7.62723e-05j,-0.000138063-5.909e-05j,-0.000149269-3.55868e-05j,-0.000150534-9.23176e-06j,-0.000142639+1.66116e-05j,-0.000127886+3.93259e-05j
-9.25791e-06-2.89597e-05j,-2.31115e-05-5.02038e-05j,-4.33072e-05-6.75155e-05j,-6.85138e-05-7.76001e-05j,-9.56639e-05-7.81135e-05j,-0.000120665-6.85649e-05j,-0.000139507-5.04098e-05j,-0.000149361-2.65344e-05j,-0.000149258-4.26461e-07j,-0.000140167+2.46528e-05j,-0.000124503+4.62684e-05j
-1.05824e-05-2.81755e-05j,-2.5347e-05-4.84099e-05j,-4.6199e-05-6.43586e-05j,-7.16447e-05-7.28452e-05j,-9.85173e-05-7.17435e-05j,-0.000122735-6.08241e-05j,-0.00014041-4.17706e-05j,-0.000148909-1.76017e-05j,-0.000147476+8.19006e-06j,-0.000137255+3.24552e-05j,-0.000120764+5.29449e-05j
-1.18514e-05-2.73381e-05j,-2.74574e-05-4.65282e-05j,-4.88749e-05-6.10951e-05j,-7.44575e-05-6.79896e-05j,-0.000100955-6.53078e-05j,-0.000124313-5.30774e-05j,-0.000140782-3.32006e-05j,-0.000147927-8.81439e-06j,-0.000145205+1.65968e-05j,-0.000133921+4.00038e-05j,-0.000116682+5.93468e-05j
-1.3062e-05-2.64511e-05j,-2.94388e-05-4.4567e-05j,-5.1331e-05-5.77389e-05j,-7.69497e-05-6.30532e-05j,-0.000102977-5.88311e-05j,-0.000125405-4.53528e-05j,-0.000140631-2.47282e-05j,-0.000146429-1.98584e-07j,-0.000142459+2.4772e-05j,-0.00013018+4.72827e-05j,-0.000112272+6.54638e-05j
-1.42118e-05-2.55191e-05j,-3.12876e-05-4.25354e-05j,-5.35639e-05-5.43049e-05j,-7.91199e-05-5.80569e-05j,-0.000104586-5.23394e-05j,-0.000126017-3.76797e-05j,-0.000139969-1.63834e-05j,-0.000144426+8.21756e-06j,-0.000139252+3.26915e-05j,-0.000126044+5.42722e-05j,-0.000107543+7.12811e-05j
-1.52986e-05-2.45465e-05j,-3.3001e-05-4.04431e-05j,-5.55714e-05-5.08089e-05j,-8.09682e-05-5.30228e-05j,-0.000105786-4.58603e-05j,-0.000126155-3.00889e-05j,-0.000138806-8.19793e-06j,-0.000141935+1.64037e-05j,-0.000135599+4.03277e-05j,-0.000121529+6.09487e-05j,-0.000102507+7.67787e-05j
-1.6321e-05-2.35386e-05j,-3.45774e-05-3.83003e-05j,-5.73535e-05-4.72673e-05j,-8.24973e-05-4.79734e-05j,-0.000106583-3.94214e-05j,-0.000125834-2.26115e-05j,-0.00013716-2.04154e-07j,-0.000138974+2.43284e-05j,-0.000131522+4.7652e-05j,-0.000116654+6.72869e-05j,-9.71838e-05+8.19344e-05j
-1.7278e-05-2.25002e-05j,-3.60165e-05-3.61174e-05j,-5.89117e-05-4.36962e-05j,-8.37126e-05-4.29308e-05j,-0.000106987-3.30498e-05j,-0.000125067-1.52777e-05j,-0.00013505+7.56691e-06j,-0.000135568+3.19618e-05j,-0.000127047+5.4637e-05j,-0.000111446+7.32621e-05j,-9.15972e-05+8.67261e-05j
-1.81695e-05-2.14362e-05j,-3.73193e-05-3.3904e-05j,-6.02499e-05-4.01109e-05j,-8.46223e-05-3.79158e-05j,-0.000107014-2.67705e-05j,-0.000123875-8.1151e-06j,-0.000132503+1.50871e-05j,-0.000131745+3.92771e-05j,-0.000122205+6.12584e-05j,-0.000105936+7.88532e-05j,-8.57783e-05+9.11353e-05j
-1.89962e-05-2.03511e-05j,-3.84881e-05-3.1669e-05j,-6.13735e-05-3.65253e-05j,-8.52365e-05-3.29469e-05j,-0.000106677-2.06058e-05j,-0.00012228-1.14771e-06j,-0.000129546+2.23327e-05j,-0.000127539+4.62528e-05j,-0.000117031+6.74979e-05j,-0.000100161+8.40455e-05j,-7.97633e-05+9.51503e-05j
-1.97585e-05-1.92487e-05j,-3.95254e-05-2.94201e-05j,-6.22887e-05-3.29512e-05j,-8.55668e-05-2.80397e-05j,-0.000105997-1.45739e-05j,-0.000120307+5.60557e-06j,-0.000126209+2.92862e-05j,-0.000122983+5.28743e-05j,-0.000111563+7.3345e-05j,-9.41588e-05+8.88327e-05j,-7.35896e-05+9.87689e-05j
-2.04574e-05-1.81322e-05j,-4.04341e-05-2.71637e-05j,-6.30018e-05-2.93986e-05j,-8.56244e-05-2.32071e-05j,-0.000104989-8.68911e-06j,-0.000117978+1.21307e-05j,-0.000122522+3.59359e-05j,-0.000118111+5.9134e-05j,-0.000105833+7.87971e-05j,-8.79635e-05+9.32174e-05j,-6.72908e-05+0.000101999j
-2.10932e-05-1.70045e-05j,-4.12162e-05-2.49055e-05j,-6.35181e-05-2.5876e-05j,-8.5419e-05-1.84599e-05j,-0.000103669-2.96304e-06j,-0.000115315+1.84172e-05j,-0.000118507+4.22742e-05j,-0.000112948+6.50286e-05j,-9.98712e-05+8.38564e-05j,-8.16018e-05+9.72076e-05j,-6.08913e-05+0.000104852j
-2.16658e-05-1.58682e-05j,-4.1873e-05-2.26511e-05j,-6.38415e-05-2.23916e-05j,-8.49587e-05-1.38083e-05j,-0.000102048+2.59334e-06j,-0.000112333+2.44551e-05j,-0.000114186+4.82944e-05j,-0.000107517+7.0556e-05j,-9.36963e-05+8.85258e-05j,-7.50917e-05+0.000100811j,-5.44056e-05+0.000107343j
-2.21751e-05-1.47267e-05j,-4.24053e-05-2.04066e-05j,-6.39752e-05-1.89545e-05j,-8.42499e-05-9.2636e-06j,-0.000100139+7.96795e-06j,-0.000109047+3.02334e-05j,-0.000109574+5.39875e-05j,-0.000101833+7.57108e-05j,-8.73237e-05+9.28042e-05j,-6.84445e-05+0.000104031j,-4.78404e-05+0.000109477j
-2.26205e-05-1.35836e-05j,-4.28139e-05-1.8179e-05j,-6.39225e-05-1.55751e-05j,-8.32994e-05-4.83878e-06j,-9.79509e-05+1.31465e-05j,-0.000105471+3.57378e-05j,-0.000104687+5.93411e-05j,-9.59119e-05+8.04832e-05j,-8.07663e-05+9.66847e-05j,-6.16696e-05+0.000106864j,-4.12002e-05+0.000111252j
-2.30024e-05-1.24433e-05j,-4.31003e-05-1.59764e-05j,-6.36875e-05-1.22651e-05j,-8.21151e-05-5.48544e-07j,-9.54957e-05+1.81123e-05j,-0.000101619+4.09512e-05j,-9.95415e-05+6.43388e-05j,-8.97713e-05+8.48581e-05j,-7.40402e-05+0.000100154j,-5.47793e-05+0.000109296j,-3.44928e-05+0.000112656j
-2.33217e-05-1.13104e-05j,-4.32678e-05-1.38074e-05j,-6.32769e-05-9.03686e-06j,-8.07081e-05+3.59141e-06j,-9.27895e-05+2.28477e-05j,-9.75123e-05+4.58551e-05j,-9.41616e-05+6.89622e-05j,-8.34353e-05+8.88179e-05j,-6.71685e-05+0.000103194j,-4.77948e-05+0.000111311j,-2.77364e-05+0.000113671j
-2.35803e-05-1.01894e-05j,-4.33211e-05-1.16801e-05j,-6.27001e-05-5.90218e-06j,-7.9093e-05+7.56658e-06j,-8.98526e-05+2.73363e-05j,-9.31761e-05+5.04326e-05j,-8.85763e-05+7.31948e-05j,-7.69354e-05+9.23472e-05j,-6.01834e-05+0.000105792j,-4.07475e-05+0.000112894j,-2.09611e-05+0.000114282j
-2.37812e-05-9.08395e-06j,-4.32669e-05-9.60145e-06j,-6.19684e-05-2.87054e-06j,-7.72874e-05+1.13655e-05j,-8.6709e-05+3.15661e-05j,-8.86401e-05+5.46719e-05j,-8.28202e-05+7.70263e-05j,-7.03095e-05+9.54371e-05j,-5.31245e-05+0.00010794j,-3.36773e-05+0.00011404j,-1.42066e-05+0.000114484j
-2.39273e-05-7.99693e-06j,-4.31121e-05-7.5762e-06j,-6.10941e-05+5.14323e-08j,-7.53098e-05+1.49809e-05j,-8.33836e-05+3.553e-05j,-8.39354e-05+5.85679e-05j,-7.69291e-05+8.04541e-05j,-6.35965e-05+9.80884e-05j,-4.60321e-05+0.000109641j,-2.66254e-05+0.000114755j,-7.51428e-06+0.000114283j
-2.40218e-05-6.93015e-06j,-4.28634e-05-5.60757e-06j,-6.00887e-05+2.85995e-06j,-7.31774e-05+1.84093e-05j,-7.98998e-05+3.92264e-05j,-7.90908e-05+6.21217e-05j,-7.09356e-05+8.34832e-05j,-5.68316e-05+0.00010031j,-3.89426e-05+0.000110908j,-1.96277e-05+0.000115054j,-9.19676e-07+0.0001137j
-2.40669e-05-5.88496e-06j,-4.25262e-05-3.69769e-06j,-5.89621e-05+5.55274e-06j,-7.09052e-05+2.16493e-05j,-7.62774e-05+4.26561e-05j,-7.41302e-05+6.53379e-05j,-6.48669e-05+8.61228e-05j,-5.0043e-05+0.000102116j,-3.18838e-05+0.000111761j,-1.27109e-05+0.000114962j,5.55267e-06+0.00011276j
-2.40645e-05-4.86258e-06j,-4.2105e-05-1.84841e-06j,-5.77224e-05+8.12803e-06j,-6.85055e-05+2.47004e-05j,-7.25332e-05+4.58212e-05j,-6.90737e-05+6.8222e-05j,-5.87446e-05+8.83824e-05j,-4.32524e-05+0.000103521j,-2.48757e-05+0.000112218j,-5.89209e-06+0.0001145j,1.18887e-05+0.00011149j
-2.4016e-05-3.86439e-06j,-4.16037e-05-6.19117e-08j,-5.63766e-05+1.05836e-05j,-6.59891e-05+2.75615e-05j,-6.86811e-05+4.87227e-05j,-6.39378e-05+7.07784e-05j,-5.25862e-05+9.02704e-05j,-3.64764e-05+0.000104537j,-1.79327e-05+0.000112294j,8.17807e-07+0.000113686j,1.80814e-05+0.000109909j
-2.39228e-05-2.89209e-06j,-4.10257e-05+1.65921e-06j,-5.49312e-05+1.29166e-05j,-6.33658e-05+3.02306e-05j,-6.47341e-05+5.13606e-05j,-5.87374e-05+7.30099e-05j,-4.64071e-05+9.17929e-05j,-2.97293e-05+0.000105173j,-1.10662e-05+0.000112001j,7.41114e-06+0.000112534j,2.41276e-05+0.000108032j
-2.37863e-05-1.94761e-06j,-4.03744e-05+3.31195e-06j,-5.33926e-05+1.51238e-05j,-6.06453e-05+3.27049e-05j,-6.07049e-05+5.37338e-05j,-5.34872e-05+7.49175e-05j,-4.02224e-05+9.29536e-05j,-2.30248e-05+0.000105435j,-4.28707e-06+0.000111348j,1.38809e-05+0.000111053j,3.00241e-05+0.000105867j
-2.36081e-05-1.03314e-06j,-3.9654e-05+4.89278e-06j,-5.17679e-05+1.7201e-05j,-5.78379e-05+3.49807e-05j,-5.66067e-05+5.58398e-05j,-4.82022e-05+7.65011e-05j,-3.40474e-05+9.37542e-05j,-1.63771e-05+0.000105326j,2.39289e-06+0.000110337j,2.02185e-05+0.000109247j,3.57662e-05+0.00010342j
-2.33902e-05-1.50982e-07j,-3.88687e-05+6.39807e-06j,-5.00645e-05+1.91439e-05j,-5.49548e-05+3.70539e-05j,-5.24538e-05+5.76759e-05j,-4.28989e-05+7.77593e-05j,-2.78995e-05+9.41952e-05j,-9.80275e-06+0.000104849j,8.95929e-06+0.000108972j,2.64126e-05+0.000107118j,4.13454e-05+0.000100688j
-2.31349e-05+6.96435e-07j,-3.80239e-05+7.82404e-06j,-4.82916e-05+2.09483e-05j,-5.20088e-05+3.89207e-05j,-4.82626e-05+5.92389e-05j,-3.75962e-05+7.86905e-05j,-2.17987e-05+9.42764e-05j,-3.32167e-06+0.000104003j,1.53935e-05+0.000107253j,3.24463e-05+0.000104665j,4.67469e-05+9.76709e-05j
-2.28455e-05+1.507e-06j,-3.71262e-05+9.16743e-06j,-4.64597e-05+2.26102e-05j,-4.90148e-05+4.05776e-05j,-4.4052e-05+6.05269e-05j,-3.23164e-05+7.92944e-05j,-1.57692e-05+9.39988e-05j,3.04142e-06+0.000102792j,2.1671e-05+0.000105182j,3.8296e-05+0.000101889j,5.19481e-05+9.43669e-05j
-2.25255e-05+2.27907e-06j,-3.6183e-05+1.0426e-05j,-4.45808e-05+2.41277e-05j,-4.59897e-05+4.20237e-05j,-3.98433e-05+6.15408e-05j,-2.70842e-05+7.95743e-05j,-9.83826e-06+9.3368e-05j,9.25778e-06+0.000101221j,2.77627e-05+0.000102766j,4.39326e-05+9.8797e-05j,5.69196e-05+9.07824e-05j
-2.21791e-05+3.01201e-06j,-3.52022e-05+1.15992e-05j,-4.26674e-05+2.55015e-05j,-4.29508e-05+4.32618e-05j,-3.56586e-05+6.22861e-05j,-2.19255e-05+7.95387e-05j,-4.03452e-06+9.23956e-05j,1.52972e-05+9.93047e-05j,3.36376e-05+0.000100022j,4.93247e-05+9.5406e-05j,6.16294e-05+8.69342e-05j
-2.18097e-05+3.70607e-06j,-3.41913e-05+1.26882e-05j,-4.07314e-05+2.67346e-05j,-3.99145e-05+4.42978e-05j,-3.15183e-05+6.27729e-05j,-1.68642e-05+7.92023e-05j,1.61596e-06+9.11004e-05j,2.11326e-05+9.70661e-05j,3.92681e-05+9.69738e-05j,5.44444e-05+9.17432e-05j,6.60496e-05+8.28514e-05j
-2.14207e-05+4.3623e-06j,-3.31565e-05+1.36959e-05j,-3.87824e-05+2.78323e-05j,-3.68942e-05+4.51411e-05j,-2.7439e-05+6.30152e-05j,-1.1919e-05+7.85839e-05j,7.09335e-06+8.95063e-05j,2.67439e-05+9.45333e-05j,4.46351e-05+9.36543e-05j,5.9274e-05+8.78436e-05j,7.01635e-05+7.85715e-05j
-2.10139e-05+4.982e-06j,-3.2102e-05+1.46252e-05j,-3.68274e-05+2.88008e-05j,-3.38991e-05+4.58016e-05j,-2.34317e-05+6.30277e-05j,-7.1018e-06+7.77037e-05j,1.23861e-05+8.76384e-05j,3.21213e-05+9.17356e-05j,4.9731e-05+9.00964e-05j,6.38085e-05+8.37432e-05j,7.3969e-05+7.4133e-05j
-2.05907e-05+5.56596e-06j,-3.10307e-05+1.54785e-05j,-3.48708e-05+2.96448e-05j,-3.09352e-05+4.62878e-05j,-1.95031e-05+6.2823e-05j,-2.41888e-06+7.65786e-05j,1.74897e-05+8.55179e-05j,3.72628e-05+8.86977e-05j,5.45574e-05+8.63271e-05j,6.80538e-05+7.94706e-05j,7.7476e-05+6.95659e-05j
-2.01521e-05+6.11439e-06j,-2.99446e-05+1.62569e-05j,-3.29159e-05+3.03674e-05j,-2.80068e-05+4.66053e-05j,-1.5658e-05+6.24101e-05j,2.12581e-06+7.5221e-05j,2.24019e-05+8.31599e-05j,4.21695e-05+8.54365e-05j,5.91195e-05+8.23644e-05j,7.2019e-05+7.50439e-05j,8.06983e-05+6.48878e-05j
-1.96992e-05+6.62684e-06j,-2.88463e-05+1.69604e-05j,-3.09669e-05+3.09695e-05j,-2.51191e-05+4.67571e-05j,-1.19018e-05+6.17947e-05j,6.52726e-06+7.3639e-05j,2.71196e-05+8.05743e-05j,4.68409e-05+8.19631e-05j,6.34197e-05+7.82189e-05j,7.57106e-05+7.04727e-05j,8.36456e-05+6.01064e-05j
-1.92337e-05+7.10261e-06j,-2.77393e-05+1.75884e-05j,-2.9029e-05+3.14519e-05j,-2.22789e-05+4.67458e-05j,-8.24228e-06+6.09811e-05j,1.07779e-05+7.18389e-05j,3.16362e-05+7.77689e-05j,5.1272e-05+7.82852e-05j,6.74558e-05+7.38976e-05j,7.91286e-05+6.5762e-05j,8.63208e-05+5.52244e-05j
-1.8758e-05+7.5411e-06j,-2.66278e-05+1.81406e-05j,-2.71085e-05+3.18152e-05j,-1.94947e-05+4.65736e-05j,-4.68922e-06+5.9974e-05j,1.48672e-05+6.98273e-05j,3.59415e-05+7.47512e-05j,5.54539e-05+7.44108e-05j,7.12202e-05+6.94075e-05j,8.2267e-05+6.09169e-05j,8.87191e-05+5.02447e-05j
-1.82745e-05+7.94202e-06j,-2.5517e-05+1.86174e-05j,-2.52131e-05+3.20611e-05j,-1.67762e-05+4.62444e-05j,-1.25404e-06+5.87794e-05j,1.87831e-05+6.76125e-05j,4.00232e-05+7.15313e-05j,5.93746e-05+7.03502e-05j,7.47016e-05+6.47585e-05j,8.51154e-05+5.5946e-05j,9.08309e-05+4.5174e-05j
-1.77861e-05+8.30567e-06j,-2.44119e-05+1.90198e-05j,-2.33505e-05+3.21926e-05j,-1.41333e-05+4.57636e-05j,2.05146e-06+5.74058e-05j,2.25125e-05+6.52055e-05j,4.38681e-05+6.81221e-05j,6.30212e-05+6.61174e-05j,7.78877e-05+5.99644e-05j,8.76619e-05+5.08624e-05j,9.26446e-05+4.00239e-05j
-1.72955e-05+8.63266e-06j,-2.33177e-05+1.935e-05j,-2.15283e-05+3.22139e-05j,-1.15759e-05+4.51384e-05j,5.21607e-06+5.58635e-05j,2.60435e-05+6.26196e-05j,4.74639e-05+6.45393e-05j,6.63818e-05+6.17295e-05j,8.07669e-05+5.50427e-05j,8.98957e-05+4.5683e-05j,9.41498e-05+3.48109e-05j
-1.68053e-05+8.92412e-06j,-2.22393e-05+1.96107e-05j,-1.97533e-05+3.213e-05j,-9.1126e-06+4.43771e-05j,8.22973e-06+5.41642e-05j,2.93654e-05+5.987e-05j,5.08e-05+6.08006e-05j,6.94461e-05+5.72058e-05j,8.33299e-05+5.00134e-05j,9.18077e-05+4.04278e-05j,9.53382e-05+2.95543e-05j
-1.63179e-05+9.1814e-06j,-2.11809e-05+1.9805e-05j,-1.80319e-05+3.19471e-05j,-6.75135e-06+4.34889e-05j,1.10836e-05+5.23211e-05j,3.2469e-05+5.69733e-05j,5.38674e-05+5.69253e-05j,7.22059e-05+5.25674e-05j,8.55691e-05+4.48983e-05j,9.33914e-05+3.51187e-05j,9.62034e-05+2.42758e-05j
-1.58353e-05+9.40617e-06j,-2.01465e-05+1.99368e-05j,-1.63695e-05+3.16717e-05j,-4.49874e-06+4.24843e-05j,1.37703e-05+5.03482e-05j,3.53471e-05+5.39471e-05j,5.66595e-05+5.2934e-05j,7.46553e-05+4.78368e-05j,8.74795e-05+3.9721e-05j,9.46424e-05+2.97795e-05j,9.67422e-05+1.89991e-05j
-1.53594e-05+9.60025e-06j,-1.91392e-05+2.00101e-05j,-1.47704e-05+3.1311e-05j,-2.36001e-06+4.1374e-05j,1.62846e-05+4.82603e-05j,3.79945e-05+5.08098e-05j,5.91721e-05+4.88482e-05j,7.67914e-05+4.30376e-05j,8.90595e-05+3.45061e-05j,9.55602e-05+2.44353e-05j,9.69548e-05+1.37493e-05j
-1.48916e-05+9.76555e-06j,-1.81614e-05+2.00289e-05j,-1.32382e-05+3.08721e-05j,-3.38969e-07+4.01688e-05j,1.86227e-05+4.60722e-05j,4.04085e-05+4.75798e-05j,6.14037e-05+4.46889e-05j,7.86141e-05+3.81928e-05j,9.03104e-05+2.92779e-05j,9.61475e-05+1.91109e-05j,9.68453e-05+8.55149e-06j
-1.4433e-05+9.90394e-06j,-1.72154e-05+1.99976e-05j,-1.17754e-05+3.03621e-05j,1.56172e-06+3.88795e-05j,2.07826e-05+4.37983e-05j,4.25882e-05+4.42753e-05j,6.33548e-05+4.04775e-05j,8.01257e-05+3.33255e-05j,9.12363e-05+2.40605e-05j,9.64101e-05+1.38309e-05j,9.64208e-05+3.43058e-06j
-1.39845e-05+1.00175e-05j,-1.63024e-05+1.99203e-05j,-1.03836e-05+2.97886e-05j,3.34081e-06+3.75171e-05j,2.2764e-05+4.14536e-05j,4.45349e-05+4.09145e-05j,6.50289e-05+3.62348e-05j,8.13319e-05+2.84589e-05j,9.1845e-05+1.88782e-05j,9.63578e-05+8.62014e-06j,9.56933e-05-1.58828e-06j
-1.35466e-05+1.0108e-05j,-1.54229e-05+1.98012e-05j,-9.06293e-06+2.91583e-05j,4.99914e-06+3.6092e-05j,2.45694e-05+3.90519e-05j,4.62532e-05+3.75146e-05j,6.64332e-05+3.19806e-05j,8.22429e-05+2.36141e-05j,9.21496e-05+1.3753e-05j,9.60065e-05+3.501e-06j,9.46814e-05-6.48276e-06j
-1.3119e-05+1.01769e-05j,-1.45767e-05+1.96435e-05j,-7.81235e-06+2.84771e-05j,6.53907e-06+3.46127e-05j,2.62032e-05+3.66048e-05j,4.77503e-05+3.40897e-05j,6.75782e-05+2.77306e-05j,8.28723e-05+1.88077e-05j,9.21673e-05+8.70157e-06j,9.53767e-05-1.51051e-06j,9.34092e-05-1.12377e-05j
-1.27019e-05+1.02252e-05j,-1.37633e-05+1.94493e-05j,-6.63055e-06+2.77489e-05j,7.96353e-06+3.30854e-05j,2.76707e-05+3.41205e-05j,4.90345e-05+3.06495e-05j,6.84752e-05+2.34955e-05j,8.32351e-05+1.40501e-05j,9.19162e-05+3.73296e-06j,9.449e-05-6.4072e-06j,9.19016e-05-1.58484e-05j
-1.22952e-05+1.02531e-05j,-1.29825e-05+1.92198e-05j,-5.51684e-06+2.69759e-05j,9.27452e-06+3.15137e-05j,2.89758e-05+3.16038e-05j,5.01121e-05+2.71996e-05j,6.91335e-05+1.92804e-05j,8.33431e-05+9.34524e-06j,9.14111e-05-1.15122e-06j,9.33637e-05-1.11906e-05j,9.01786e-05-2.03199e-05j
-1.18998e-05+1.02606e-05j,-1.22358e-05+1.89553e-05j,-4.47232e-06+2.61594e-05j,1.04715e-05+2.98998e-05j,3.01191e-05+2.90577e-05j,5.09852e-05+2.3743e-05j,6.95569e-05+1.50873e-05j,8.32019e-05+4.69295e-06j,9.06587e-05-5.95407e-06j,9.20057e-05-1.58677e-05j,8.82491e-05-2.46634e-05j
-1.15174e-05+1.02479e-05j,-1.15257e-05+1.86566e-05j,-3.50049e-06+2.53009e-05j,1.15509e-05+2.82463e-05j,3.10972e-05+2.64855e-05j,5.16508e-05+2.02829e-05j,6.97426e-05+1.0919e-05j,8.28089e-05+9.40911e-08j,8.96563e-05-1.06776e-05j,9.04125e-05-2.04439e-05j,8.61087e-05-2.88888e-05j
-1.11503e-05+1.02157e-05j,-1.08561e-05+1.83256e-05j,-2.60646e-06+2.4404e-05j,1.25064e-05+2.65585e-05j,3.19033e-05+2.3894e-05j,5.21018e-05+1.68275e-05j,6.96829e-05+6.78344e-06j,8.21553e-05-4.44399e-06j,8.83933e-05-1.5316e-05j,8.85716e-05-2.49157e-05j,8.37425e-05-3.29951e-05j
-1.08008e-05+1.01662e-05j,-1.0231e-05+1.79664e-05j,-1.79556e-06+2.34753e-05j,1.33319e-05+2.48456e-05j,3.25305e-05+2.12953e-05j,5.23304e-05+1.33908e-05j,6.93694e-05+2.6965e-06j,8.12314e-05-8.90465e-06j,8.68585e-05-1.98525e-05j,8.64693e-05-2.92666e-05j,8.1134e-05-3.69662e-05j
-1.04706e-05+1.01022e-05j,-9.65333e-06+1.75847e-05j,-1.07138e-06+2.25239e-05j,1.40233e-05+2.31206e-05j,3.29747e-05+1.87058e-05j,5.23328e-05+9.99293e-06j,6.87981e-05-1.31905e-06j,8.00326e-05-1.32629e-05j,8.50461e-05-2.42603e-05j,8.40984e-05-3.34685e-05j,7.82743e-05-4.07729e-05j
-1.01605e-05+1.00271e-05j,-9.12396e-06+1.71873e-05j,-4.34751e-07+2.15601e-05j,1.45807e-05+2.13979e-05j,3.32371e-05+1.61444e-05j,5.21115e-05+6.65654e-06j,6.79725e-05-5.23691e-06j,7.85635e-05-1.74893e-05j,8.29611e-05-2.85076e-05j,8.14641e-05-3.7487e-05j,7.51685e-05-4.43787e-05j
-9.87015e-06+9.94435e-06j,-8.64196e-06+1.67806e-05j,1.16578e-07+2.05943e-05j,1.5008e-05+1.96918e-05j,3.3324e-05+1.36294e-05j,5.16753e-05+3.40378e-06j,6.69044e-05-9.03168e-06j,7.68382e-05-2.15559e-05j,8.062e-05-3.25637e-05j,7.85845e-05-4.12895e-05j,7.18365e-05-4.77488e-05j
-9.59837e-06+9.85675e-06j,-8.2047e-06+1.63701e-05j,5.87219e-07+1.96349e-05j,1.53127e-05+1.80142e-05j,3.32462e-05+1.1176e-05j,5.10389e-05+2.52925e-07j,6.56121e-05-1.26825e-05j,7.48786e-05-2.54397e-05j,7.80478e-05-3.64044e-05j,7.54881e-05-4.48506e-05j,6.83102e-05-5.0857e-05j
-9.34351e-06+9.76637e-06j,-7.8088e-06+1.59599e-05j,9.83081e-07+1.86886e-05j,1.55038e-05+1.63742e-05j,3.30166e-05+8.79561e-06j,5.02193e-05-2.78281e-06j,6.41168e-05-1.6175e-05j,7.27102e-05-2.91257e-05j,7.5274e-05-4.00145e-05j,7.22081e-05-4.81553e-05j,6.46263e-05-5.36886e-05j
-9.1038e-06+9.67461e-06j,-7.45062e-06+1.55529e-05j,1.31034e-06+1.77595e-05j,1.55908e-05+1.47777e-05j,3.26487e-05+6.49549e-06j,4.92343e-05-5.69521e-06j,6.24407e-05-1.95006e-05j,7.0359e-05-3.26058e-05j,7.23285e-05-4.33869e-05j,6.8778e-05-5.1198e-05j,6.08221e-05-5.62402e-05j
-8.87764e-06+9.58212e-06j,-7.1267e-06+1.51504e-05j,1.57495e-06+1.68501e-05j,1.5583e-05+1.32278e-05j,3.21554e-05+4.27935e-06j,4.81008e-05-8.48062e-06j,6.06046e-05-2.26565e-05j,6.78499e-05-3.58787e-05j,6.92395e-05-4.65225e-05j,6.52294e-05-5.39824e-05j,5.69325e-05-5.85185e-05j
-8.66368e-06+9.48895e-06j,-6.83421e-06+1.47527e-05j,1.7819e-06+1.59608e-05j,1.54881e-05+1.17251e-05j,3.15478e-05+2.14737e-06j,4.68334e-05-1.11399e-05j,5.86267e-05-2.56452e-05j,6.52038e-05-3.89494e-05j,6.60309e-05-4.94296e-05j,6.15885e-05-5.65204e-05j,5.29859e-05-6.05397e-05j
-8.46134e-06+9.39464e-06j,-6.57167e-06+1.43591e-05j,1.93411e-06+1.50907e-05j,1.53111e-05+1.02681e-05j,3.08333e-05+9.7072e-08j,4.5442e-05-1.36771e-05j,5.6519e-05-2.84734e-05j,6.2435e-05-4.18278e-05j,6.2718e-05-5.21218e-05j,5.78715e-05-5.88304e-05j,4.89992e-05-6.23272e-05j
-8.27097e-06+9.29886e-06j,-6.33932e-06+1.3969e-05j,2.03191e-06+1.42389e-05j,1.50533e-05+8.85544e-06j,3.00144e-05-1.87387e-06j,4.39304e-05-1.60962e-05j,5.42862e-05-3.11472e-05j,5.9548e-05-4.45233e-05j,5.93051e-05-5.46123e-05j,5.40819e-05-6.09296e-05j,4.49743e-05-6.39032e-05j
-8.09362e-06+9.20187e-06j,-6.13879e-06+1.3583e-05j,2.07352e-06+1.34065e-05j,1.4713e-05+7.48828e-06j,2.90899e-05-3.76459e-06j,4.22974e-05-1.83972e-05j,5.19267e-05-3.36682e-05j,5.65403e-05-4.70392e-05j,5.57879e-05-5.69071e-05j,5.02128e-05-6.2827e-05j,4.09019e-05-6.52797e-05j
-7.93056e-06+9.10498e-06j,-5.97192e-06+1.32038e-05j,2.05672e-06+1.2597e-05j,1.42881e-05+6.17141e-06j,2.80575e-05-5.56936e-06j,4.05407e-05-2.05739e-05j,4.94377e-05-3.603e-05j,5.34078e-05-4.93698e-05j,5.21601e-05-5.90011e-05j,4.62552e-05-6.45185e-05j,3.67692e-05-6.6454e-05j
-7.78251e-06+9.01038e-06j,-5.83977e-06+1.28353e-05j,1.9806e-06+1.18168e-05j,1.3778e-05+4.91309e-06j,2.69175e-05-7.27809e-06j,3.8661e-05-2.26146e-05j,4.68196e-05-3.82199e-05j,5.01502e-05-5.15013e-05j,4.842e-05-6.08796e-05j,4.22055e-05-6.59888e-05j,3.25704e-05-6.74102e-05j
-7.64933e-06+8.92077e-06j,-5.74165e-06+1.24826e-05j,1.84682e-06+1.10732e-05j,1.31859e-05+3.72327e-06j,2.56745e-05-8.87852e-06j,3.66644e-05-2.45048e-05j,4.40799e-05-4.02214e-05j,4.67755e-05-5.34153e-05j,4.45758e-05-6.25229e-05j,3.80713e-05-6.72166e-05j,2.83123e-05-6.81254e-05j
-7.52978e-06+8.83863e-06j,-5.67494e-06+1.21503e-05j,1.6599e-06+1.03732e-05j,1.25187e-05+2.61116e-06j,2.43382e-05-1.03592e-05j,3.45636e-05-2.62313e-05j,4.12337e-05-4.20196e-05j,4.33011e-05-5.50958e-05j,4.06464e-05-6.39134e-05j,3.38731e-05-6.81831e-05j,2.40165e-05-6.85798e-05j
-7.42199e-06+8.76578e-06j,-5.63585e-06+1.18418e-05j,1.42622e-06+9.72174e-06j,1.17859e-05+1.58307e-06j,2.29219e-05-1.17127e-05j,3.23753e-05-2.77858e-05j,3.83012e-05-4.36056e-05j,3.975e-05-5.65334e-05j,3.66576e-05-6.50418e-05j,2.96388e-05-6.8879e-05j,1.97132e-05-6.87642e-05j
-7.32401e-06+8.70324e-06j,-5.62042e-06+1.15588e-05j,1.15233e-06+9.12135e-06j,1.09973e-05+6.42154e-07j,2.14386e-05-1.29357e-05j,3.01162e-05-2.9165e-05j,3.53026e-05-4.49769e-05j,3.61455e-05-5.77265e-05j,3.2635e-05-6.59076e-05j,2.53965e-05-6.93054e-05j,1.54322e-05-6.86816e-05j
-7.23413e-06+8.6515e-06j,-5.62517e-06+1.13024e-05j,8.43962e-07+8.57326e-06j,1.01613e-05-2.10377e-07j,1.99e-05-1.40273e-05j,2.78012e-05-3.03691e-05j,3.22553e-05-4.61346e-05j,3.25074e-05-5.86781e-05j,2.86005e-05-6.65158e-05j,2.11691e-05-6.94695e-05j,1.11975e-05-6.83417e-05j
-7.15094e-06+8.61099e-06j,-5.64719e-06+1.10732e-05j,5.06092e-07+8.07821e-06j,9.28549e-06-9.74041e-07j,1.83165e-05-1.49877e-05j,2.5443e-05-3.13991e-05j,2.91746e-05-4.70816e-05j,2.88525e-05-5.93925e-05j,2.45718e-05-6.68727e-05j,1.69752e-05-6.938e-05j,7.02808e-06-6.77556e-05j
-7.07312e-06+8.58193e-06j,-5.68371e-06+1.08717e-05j,1.43347e-07+7.63668e-06j,8.37672e-06-1.64861e-06j,1.66971e-05-1.58174e-05j,2.30535e-05-3.22568e-05j,2.60741e-05-4.78207e-05j,2.5196e-05-5.98745e-05j,2.05651e-05-6.69852e-05j,1.28312e-05-6.90457e-05j,2.93994e-06-6.69346e-05j
-6.99939e-06+8.56459e-06j,-5.73218e-06+1.06981e-05j,-2.39946e-07+7.24895e-06j,7.44151e-06-2.23421e-06j,1.5051e-05-1.65173e-05j,2.06437e-05-3.29441e-05j,2.29668e-05-4.83556e-05j,2.1552e-05-6.01292e-05j,1.65951e-05-6.68602e-05j,8.7519e-06-6.84757e-05j,-1.05255e-06-6.58899e-05j
-6.92857e-06+8.55908e-06j,-5.7901e-06+1.05527e-05j,-6.39573e-07+6.91505e-06j,6.48615e-06-2.73137e-06j,1.33866e-05-1.70887e-05j,1.82242e-05-3.34637e-05j,1.9865e-05-4.86903e-05j,1.7934e-05-6.01627e-05j,1.26756e-05-6.65053e-05j,4.75097e-06-6.76794e-05j,-4.93622e-06-6.46329e-05j
-6.85956e-06+8.56547e-06j,-5.85512e-06+1.04356e-05j,-1.05156e-06+6.63475e-06j,5.51657e-06-3.1409e-06j,1.17119e-05-1.75336e-05j,1.58052e-05-3.38187e-05j,1.67802e-05-4.88296e-05j,1.43544e-05-5.99811e-05j,8.81952e-06-6.59288e-05j,8.41095e-07-6.6667e-05j,-8.69918e-06-6.31757e-05j
-6.79125e-06+8.58371e-06j,-5.92504e-06+1.03465e-05j,-1.47219e-06+6.40757e-06j,4.53835e-06-3.46392e-06j,1.00346e-05-1.7854e-05j,1.33959e-05-3.40129e-05j,1.37232e-05-4.87787e-05j,1.08249e-05-5.95915e-05j,5.03866e-06-6.51393e-05j,-2.96622e-06-6.54488e-05j,-1.23307e-05-6.15306e-05j
-6.72266e-06+8.61377e-06j,-5.99776e-06+1.02854e-05j,-1.89788e-06+6.23298e-06j,3.55685e-06-3.7018e-06j,8.36181e-06-1.80526e-05j,1.10053e-05-3.405e-05j,1.07043e-05-4.85433e-05j,7.35644e-06-5.90013e-05j,1.34411e-06-6.41459e-05j,-6.66032e-06-6.40359e-05j,-1.58212e-05-5.97102e-05j
-6.65284e-06+8.6555e-06j,-6.07123e-06+1.02518e-05j,-2.32523e-06+6.11015e-06j,2.57713e-06-3.8562e-06j,6.70043e-06-1.81322e-05j,8.64187e-06-3.39347e-05j,7.73313e-06-4.81295e-05j,3.95925e-06-5.82182e-05j,-2.25379e-06-6.29584e-05j,-1.02314e-05-6.24397e-05j,-1.91619e-05-5.77278e-05j
-6.58087e-06+8.7087e-06j,-6.14367e-06+1.02453e-05j,-2.75112e-06+6.03796e-06j,1.6039e-06-3.92926e-06j,5.05674e-06-1.80965e-05j,6.31335e-06-3.36722e-05j,4.81841e-06-4.75445e-05j,6.42578e-07-5.72517e-05j,-5.74601e-06-6.15879e-05j,-1.36712e-05-6.06732e-05j,-2.23457e-05-5.55984e-05j
-6.50613e-06+8.77307e-06j,-6.21359e-06+1.02652e-05j,-3.17305e-06+6.01505e-06j,6.4088e-07-3.9234e-06j,3.43579e-06-1.79493e-05j,4.02583e-06-3.32683e-05j,1.96685e-06-4.67961e-05j,-2.5869e-06-5.61113e-05j,-9.1265e-06-6.00461e-05j,-1.69748e-05-5.87502e-05j,-2.53697e-05-5.33376e-05j
-6.42815e-06+8.84845e-06j,-6.28007e-06+1.03111e-05j,-3.58929e-06+6.04056e-06j,-3.09261e-07-3.84051e-06j,1.84113e-06-1.76939e-05j,1.78347e-06-3.27279e-05j,-8.17228e-07-4.5891e-05j,-5.72536e-06-5.48055e-05j,-1.23926e-05-5.8343e-05j,-2.01415e-05-5.66822e-05j,-2.82355e-05-5.09586e-05j
-6.34661e-06+8.93503e-06j,-6.34221e-06+1.03833e-05j,-3.99828e-06+6.11447e-06j,-1.24416e-06-3.68117e-06j,2.75876e-07-1.73318e-05j,-4.10117e-07-3.20537e-05j,-3.53028e-06-4.48329e-05j,-8.76991e-06-5.33392e-05j,-1.55428e-05-5.64846e-05j,-2.31718e-05-5.4476e-05j,-3.09464e-05-4.84687e-05j
-6.26087e-06+9.03329e-06j,-6.39877e-06+1.04825e-05j,-4.3979e-06+6.23756e-06j,-2.16072e-06-3.44495e-06j,-1.25595e-06-1.68633e-05j,-2.55028e-06-3.12466e-05j,-6.16751e-06-4.36236e-05j,-1.17162e-05-5.17147e-05j,-1.85739e-05-5.44734e-05j,-2.60643e-05-5.21344e-05j,-3.35034e-05-4.58708e-05j
-6.17002e-06+9.14381e-06j,-6.44789e-06+1.06096e-05j,-4.78514e-06+6.41086e-06j,-3.05463e-06-3.13098e-06j,-2.74883e-06-1.62879e-05j,-4.63056e-06-3.03069e-05j,-8.72188e-06-4.22639e-05j,-1.45574e-05-4.99331e-05j,-2.14798e-05-5.23106e-05j,-2.88143e-05-4.96581e-05j,-3.59039e-05-4.31649e-05j
-6.07273e-06+9.26702e-06j,-6.48698e-06+1.07655e-05j,-5.15598e-06+6.63522e-06j,-3.9203e-06-2.73863e-06j,-4.19554e-06-1.56056e-05j,-6.64235e-06-2.9235e-05j,-1.11839e-05-4.07547e-05j,-1.72835e-05-4.79954e-05j,-2.42506e-05-4.99971e-05j,-3.14128e-05-4.70476e-05j,-3.81404e-05-4.03507e-05j
-5.96736e-06+9.40314e-06j,-6.51293e-06+1.09504e-05j,-5.50553e-06+6.91085e-06j,-4.75084e-06-2.26821e-06j,-5.58731e-06-1.48172e-05j,-8.57515e-06-2.80327e-05j,-1.35417e-05-3.90984e-05j,-1.98817e-05-4.59044e-05j,-2.68732e-05-4.75355e-05j,-3.38468e-05-4.43052e-05j,-4.02007e-05-3.74297e-05j
-5.85204e-06+9.55201e-06j,-6.52213e-06+1.11638e-05j,-5.82817e-06+7.23679e-06j,-5.53858e-06-1.72148e-06j,-6.91424e-06-1.39258e-05j,-1.0417e-05-2.67042e-05j,-1.57815e-05-3.73002e-05j,-2.2337e-05-4.36662e-05j,-2.93319e-05-4.49324e-05j,-3.61004e-05-4.14372e-05j,-4.2069e-05-3.44078e-05j
-5.7249e-06+9.71299e-06j,-6.51097e-06+1.14046e-05j,-6.11835e-06+7.61085e-06j,-6.27572e-06-1.10199e-06j,-8.16633e-06-1.29365e-05j,-1.21558e-05-2.52563e-05j,-1.78895e-05-3.53687e-05j,-2.4634e-05-4.12905e-05j,-3.16102e-05-4.21983e-05j,-3.81565e-05-3.84548e-05j,-4.37283e-05-3.1296e-05j
-5.58408e-06+9.885e-06j,-6.47599e-06+1.16708e-05j,-6.37074e-06+8.02973e-06j,-6.95483e-06-4.148e-07j,-9.33404e-06-1.18564e-05j,-1.378e-05-2.36984e-05j,-1.98523e-05-3.33153e-05j,-2.67581e-05-3.87905e-05j,-3.36925e-05-3.93478e-05j,-3.9999e-05-3.53736e-05j,-4.51622e-05-2.81105e-05j
-5.4279e-06+1.00666e-05j,-6.41392e-06+1.19596e-05j,-6.58017e-06+8.48899e-06j,-7.56887e-06+3.33573e-07j,-1.04083e-05-1.06947e-05j,-1.52787e-05-2.20424e-05j,-2.16573e-05-3.11544e-05j,-2.86952e-05-3.61831e-05j,-3.55637e-05-3.63999e-05j,-4.16121e-05-3.2214e-05j,-4.63547e-05-2.48731e-05j
-5.25489e-06+1.02559e-05j,-6.32192e-06+1.22672e-05j,-6.74231e-06+8.98273e-06j,-8.11175e-06+1.13445e-06j,-1.13814e-05-9.46313e-06j,-1.66425e-05-2.03034e-05j,-2.32938e-05-2.89047e-05j,-3.04336e-05-3.34902e-05j,-3.72112e-05-3.33793e-05j,-4.29829e-05-2.90034e-05j,-4.72929e-05-2.16132e-05j
-5.06415e-06+1.04504e-05j,-6.19822e-06+1.2589e-05j,-6.85436e-06+9.50354e-06j,-8.57961e-06+1.97708e-06j,-1.22484e-05-8.17632e-06j,-1.78658e-05-1.85002e-05j,-2.47556e-05-2.65892e-05j,-3.19667e-05-3.07387e-05j,-3.86288e-05-3.03169e-05j,-4.41059e-05-2.57761e-05j,-4.79722e-05-1.83685e-05j
-4.85574e-06+1.06472e-05j,-6.04284e-06+1.29199e-05j,-6.91629e-06+1.00433e-05j,-8.97247e-06+2.84973e-06j,-1.30096e-05-6.85016e-06j,-1.89492e-05-1.66533e-05j,-2.60443e-05-2.42329e-05j,-3.32977e-05-2.79581e-05j,-3.98216e-05-2.72463e-05j,-4.49884e-05-2.257e-05j,-4.84031e-05-1.51805e-05j
-4.63082e-06+1.0844e-05j,-5.85785e-06+1.32553e-05j,-6.93118e-06+1.05948e-05j,-9.29472e-06+3.74209e-06j,-1.36711e-05-5.4987e-06j,-1.99011e-05-1.47805e-05j,-2.71709e-05-2.18577e-05j,-3.44407e-05-2.51744e-05j,-4.08074e-05-2.4197e-05j,-4.5653e-05-1.94176e-05j,-4.86131e-05-1.20848e-05j
-4.39135e-06+1.10395e-05j,-5.64679e-06+1.35926e-05j,-6.90444e-06+1.1154e-05j,-9.55395e-06+4.64792e-06j,-1.4243e-05-4.13058e-06j,-2.07349e-05-1.28933e-05j,-2.81527e-05-1.94774e-05j,-3.54177e-05-2.24033e-05j,-4.16138e-05-2.11865e-05j,-4.61332e-05-1.63376e-05j,-4.86428e-05-9.10049e-06j
-4.13932e-06+1.12337e-05j,-5.4133e-06+1.39319e-05j,-6.84162e-06+1.17205e-05j,-9.75804e-06+5.56638e-06j,-1.47362e-05-2.74739e-06j,-2.14649e-05-1.09937e-05j,-2.9008e-05-1.70945e-05j,-3.62518e-05-1.9647e-05j,-4.22691e-05-1.82159e-05j,-4.64638e-05-1.33294e-05j,-4.85338e-05-6.2246e-06j
-3.8759e-06+1.14277e-05j,-5.15957e-06+1.42752e-05j,-6.7461e-06+1.22974e-05j,-9.9119e-06+6.50128e-06j,-1.51576e-05-1.34444e-06j,-2.21004e-05-9.07613e-06j,-2.97493e-05-1.47016e-05j,-3.69588e-05-1.68959e-05j,-4.27935e-05-1.52723e-05j,-4.66694e-05-1.03758e-05j,-4.83159e-05-3.43482e-06j
-3.60103e-06+1.16233e-05j,-4.88538e-06+1.46257e-05j,-6.61755e-06+1.28892e-05j,-1.00153e-05+7.45859e-06j,-1.55072e-05+8.57923e-08j,-2.26421e-05-7.13098e-06j,-3.03782e-05-1.22867e-05j,-3.75418e-05-1.41344e-05j,-4.31915e-05-1.23359e-05j,-4.67567e-05-7.4515e-06j,-4.79983e-05-6.99193e-07j
-3.31318e-06+1.18218e-05j,-4.58781e-06+1.49859e-05j,-6.45167e-06+1.34995e-05j,-1.00625e-05+8.44311e-06j,-1.57781e-05+1.54932e-06j,-2.3082e-05-5.15069e-06j,-3.08854e-05-9.84005e-06j,-3.79906e-05-1.13496e-05j,-4.3452e-05-9.38956e-06j,-4.67138e-05-4.53447e-06j,-4.75682e-05+2.01032e-06j
-3.00993e-06+1.20234e-05j,-4.26232e-06+1.53563e-05j,-6.24153e-06+1.41292e-05j,-1.00442e-05+9.45563e-06j,-1.59583e-05+3.04702e-06j,-2.34054e-05-3.13404e-06j,-3.1254e-05-7.35948e-06j,-3.82852e-05-8.53809e-06j,-4.35524e-05-6.42745e-06j,-4.65151e-05-1.6154e-06j,-4.69972e-05+4.70732e-06j
-2.68854e-06+1.22272e-05j,-3.90378e-06+1.57349e-05j,-5.97936e-06+1.4775e-05j,-9.94972e-06+1.04917e-05j,-1.60343e-05+4.573e-06j,-2.35959e-05-1.08842e-06j,-3.14641e-05-4.85353e-06j,-3.84028e-05-5.7088e-06j,-4.34663e-05-3.45851e-06j,-4.61306e-05+1.29761e-06j,-4.62513e-05+7.38524e-06j
-2.34673e-06+1.24308e-05j,-3.5079e-06+1.61175e-05j,-5.65866e-06+1.54303e-05j,-9.77028e-06+1.15418e-05j,-1.5995e-05+6.11457e-06j,-2.36399e-05+9.70344e-07j,-3.14998e-05-2.34107e-06j,-3.83246e-05-2.88329e-06j,-4.31719e-05-5.06414e-07j,-4.55354e-05+4.1792e-06j,-4.53022e-05+1.00177e-05j
-1.98334e-06+1.2631e-05j,-3.07235e-06+1.64981e-05j,-5.27593e-06+1.60858e-05j,-9.50117e-06+1.2593e-05j,-1.58345e-05+7.65458e-06j,-2.35306e-05+3.02071e-06j,-3.1353e-05+1.52044e-07j,-3.80414e-05-9.1511e-08j,-4.2659e-05+2.39515e-06j,-4.47181e-05+6.99241e-06j,-4.41372e-05+1.25647e-05j
-1.59841e-06+1.28242e-05j,-2.59721e-06+1.68701e-05j,-4.83122e-06+1.67318e-05j,-9.14273e-06+1.36313e-05j,-1.55537e-05+9.17476e-06j,-2.32694e-05+5.0398e-06j,-3.10261e-05+2.59824e-06j,-3.75566e-05+2.63452e-06j,-4.1932e-05+5.21004e-06j,-4.36841e-05+9.69738e-06j,-4.27628e-05+1.49832e-05j
-1.19317e-06+1.30076e-05j,-2.0846e-06+1.72281e-05j,-4.3279e-06+1.73594e-05j,-8.69982e-06+1.46446e-05j,-1.51593e-05+1.06591e-05j,-2.28653e-05+7.00746e-06j,-3.05308e-05+4.97346e-06j,-3.68846e-05+5.267e-06j,-4.10083e-05+7.90719e-06j,-4.2454e-05+1.22601e-05j,-4.12027e-05+1.72367e-05j
-7.69527e-07+1.31788e-05j,-1.53803e-06+1.75678e-05j,-3.77136e-06+1.79624e-05j,-8.18009e-06+1.5624e-05j,-1.46619e-05+1.20957e-05j,-2.23322e-05+8.90912e-06j,-2.98843e-05+7.26039e-06j,-3.60468e-05+7.78636e-06j,-3.99133e-05+1.04652e-05j,-4.10577e-05+1.46582e-05j,-3.94916e-05+1.93021e-05j
-3.29657e-07+1.33365e-05j,-9.61454e-07+1.78869e-05j,-3.16752e-06+1.85372e-05j,-7.59211e-06+1.65644e-05j,-1.40729e-05+1.3478e-05j,-2.16852e-05+1.07366e-05j,-2.9106e-05+9.44977e-06j,-3.50665e-05+1.01828e-05j,-3.8675e-05+1.28743e-05j,-3.95277e-05+1.68825e-05j,-3.76666e-05+2.11717e-05j
1.24586e-07+1.34804e-05j,-3.58193e-07+1.81847e-05j,-2.52166e-06+1.90823e-05j,-6.94332e-06+1.74639e-05j,-1.34026e-05+1.48037e-05j,-2.09376e-05+1.24874e-05j,-2.82124e-05+1.15393e-05j,-3.39641e-05+1.24547e-05j,-3.73175e-05+1.51348e-05j,-3.78921e-05+1.89357e-05j,-3.57599e-05+2.28517e-05j
5.91923e-07+1.36104e-05j,2.69413e-07+1.8461e-05j,-1.83728e-06+1.9598e-05j,-6.2389e-06+1.83226e-05j,-1.26581e-05+1.6073e-05j,-2.00989e-05+1.41621e-05j,-2.72157e-05+1.35306e-05j,-3.27543e-05+1.46056e-05j,-3.5858e-05+1.72523e-05j,-3.61706e-05+2.08272e-05j,-3.37932e-05+2.43554e-05j
1.07162e-06+1.37265e-05j,9.20135e-07+1.87161e-05j,-1.11627e-06+2.00843e-05j,-5.48162e-06+1.91406e-05j,-1.18436e-05+1.72863e-05j,-1.91746e-05+1.57618e-05j,-2.61228e-05+1.54259e-05j,-3.14454e-05+1.66394e-05j,-3.43062e-05+1.92337e-05j,-3.43738e-05+2.2567e-05j,-3.17782e-05+2.56974e-05j
